DataHora,Assunto,Remetente,PalavraDetectada
2025-03-25 19:13,Sua newsletter semanal,wetechsolutions085@gmail.com,newsletter
2025-03-25 19:13,Marketing Digital - Novidades,wetechsolutions085@gmail.com,marketing
2025-03-25 19:13,Última chance: promoção só hoje,wetechsolutions085@gmail.com,promoção
2025-03-25 19:13,Assine nossa newsletter agora,wetechsolutions085@gmail.com,newsletter
2025-03-25 19:13,Marketing Digital - Novidades,wetechsolutions085@gmail.com,marketing
2025-03-25 19:13,Promoção imperdível de tecnologia,wetechsolutions085@gmail.com,promoção
2025-03-25 19:13,Oferta exclusiva para você,wetechsolutions085@gmail.com,oferta
2025-03-25 19:15,Promoção imperdível de tecnologia,wetechsolutions085@gmail.com,promoção
2025-03-25 19:15,Oferta exclusiva para você,wetechsolutions085@gmail.com,oferta
2025-03-25 19:15,Sua newsletter semanal,wetechsolutions085@gmail.com,newsletter
2025-03-25 19:15,Marketing Digital - Novidades,wetechsolutions085@gmail.com,marketing
2025-03-25 19:15,Promoção imperdível de tecnologia,wetechsolutions085@gmail.com,promoção
2025-03-25 19:15,Oferta exclusiva para você,wetechsolutions085@gmail.com,oferta
2025-03-25 19:15,Sua newsletter semanal,wetechsolutions085@gmail.com,newsletter
2025-03-25 19:25,Assine nossa newsletter agora,wetechsolutions085@gmail.com,newsletter
2025-03-25 19:25,Marketing Digital - Novidades,wetechsolutions085@gmail.com,marketing
2025-03-25 19:25,Você foi selecionado para uma oferta,wetechsolutions085@gmail.com,oferta
2025-03-25 19:25,Oferta exclusiva para você,wetechsolutions085@gmail.com,oferta
2025-03-25 19:25,Última chance: promoção só hoje,wetechsolutions085@gmail.com,promoção
2025-03-25 19:25,Sua newsletter semanal,wetechsolutions085@gmail.com,newsletter
2025-03-25 19:25,Promoção imperdível de tecnologia,wetechsolutions085@gmail.com,promoção
2025-03-25 19:25,Última chance: promoção só hoje,wetechsolutions085@gmail.com,promoção
2025-03-25 19:25,Oferta exclusiva para você,wetechsolutions085@gmail.com,oferta
2025-03-25 19:25,Promoção imperdível de tecnologia,wetechsolutions085@gmail.com,promoção
2025-03-25 19:25,Assine nossa newsletter agora,wetechsolutions085@gmail.com,newsletter
2025-03-25 19:26,Marketing Digital - Novidades,wetechsolutions085@gmail.com,marketing
2025-03-25 19:26,Sua newsletter semanal,wetechsolutions085@gmail.com,newsletter
2025-03-25 19:26,Você foi selecionado para uma oferta,wetechsolutions085@gmail.com,oferta
2025-03-25 19:28,Marketing Digital - Novidades,wetechsolutions085@gmail.com,marketing
2025-03-25 19:28,Sua newsletter semanal,wetechsolutions085@gmail.com,newsletter
2025-03-25 19:28,Você foi selecionado para uma oferta,wetechsolutions085@gmail.com,oferta
2025-03-25 19:29,Última chance: promoção só hoje,wetechsolutions085@gmail.com,promoção
2025-03-25 19:29,Assine nossa newsletter agora,wetechsolutions085@gmail.com,newsletter
2025-03-25 19:29,Promoção imperdível de tecnologia,wetechsolutions085@gmail.com,promoção
2025-03-25 19:29,Oferta exclusiva para você,wetechsolutions085@gmail.com,oferta
